<?xml version="1.0" encoding="UTF-8"?>
<project-private xmlns="http://www.netbeans.org/ns/project-private/1">
    <editor-bookmarks xmlns="http://www.netbeans.org/ns/editor-bookmarks/2" lastBookmarkId="0"/>
    <open-files xmlns="http://www.netbeans.org/ns/projectui-open-files/2">
        <group>
            <file>file:/D:/SEMESTER%204/Prak%20PBO/Tugas2_PrakPBO_123190146_Rama%20Endarwan/Tugas2-Balok-dan-Tabung-main/Tugas2/src/bangunruang/Tabung.java</file>
            <file>file:/D:/SEMESTER%204/Prak%20PBO/Tugas2_PrakPBO_123190146_Rama%20Endarwan/Tugas2-Balok-dan-Tabung-main/Tugas2/src/bangunruang/Balok.java</file>
            <file>file:/D:/SEMESTER%204/Prak%20PBO/Tugas2_PrakPBO_123190146_Rama%20Endarwan/Tugas2-Balok-dan-Tabung-main/Tugas2/src/tugas2/Main.java</file>
            <file>file:/D:/SEMESTER%204/Prak%20PBO/Tugas2_PrakPBO_123190146_Rama%20Endarwan/Tugas2-Balok-dan-Tabung-main/Tugas2/src/bangunruang/BangunRuang.java</file>
            <file>file:/D:/SEMESTER%204/Prak%20PBO/Tugas2_PrakPBO_123190146_Rama%20Endarwan/Tugas2-Balok-dan-Tabung-main/Tugas2/src/bangundatar/BangunDatar.java</file>
            <file>file:/D:/SEMESTER%204/Prak%20PBO/Tugas2_PrakPBO_123190146_Rama%20Endarwan/Tugas2-Balok-dan-Tabung-main/Tugas2/src/bangundatar/PersegiPanjang.java</file>
            <file>file:/D:/SEMESTER%204/Prak%20PBO/Tugas2_PrakPBO_123190146_Rama%20Endarwan/Tugas2-Balok-dan-Tabung-main/Tugas2/src/bangundatar/Lingkaran.java</file>
        </group>
    </open-files>
</project-private>
